Condition,Stat Type,Target_Size,Source_Size,S1,S2,S3,S4,S5,S6,Target,Weighted
T:100/S:100,Mean,100,100,0.6500 ,0.7218 ,0.7203 ,0.6090 ,0.6433 ,0.7130 ,0.7092 ,0.7955 
T:100/S:100,SD,100,100,(0.0709),(0.0628),(0.0618),(0.0751),(0.0718),(0.0602),(0.0685),(0.0498)
T:100/S:300,Mean,100,300,0.6734 ,0.7629 ,0.7443 ,0.6349 ,0.6908 ,0.7394 ,0.7095 ,0.8201 
T:100/S:300,SD,100,300,(0.0643),(0.0590),(0.0565),(0.0732),(0.0647),(0.0618),(0.0680),(0.0476)
T:100/S:500,Mean,100,500,0.6815 ,0.7737 ,0.7515 ,0.6477 ,0.7076 ,0.7501 ,0.7085 ,0.8261 
T:100/S:500,SD,100,500,(0.0650),(0.0582),(0.0590),(0.0767),(0.0603),(0.0593),(0.0662),(0.0464)
T:100/S:1000,Mean,100,1000,0.6887 ,0.7858 ,0.7539 ,0.6506 ,0.7080 ,0.7584 ,0.7074 ,0.8303 
T:100/S:1000,SD,100,1000,(0.0643),(0.0510),(0.0554),(0.0709),(0.0619),(0.0578),(0.0664),(0.0418)
T:200/S:100,Mean,200,100,0.6510 ,0.7261 ,0.7221 ,0.6086 ,0.6487 ,0.7174 ,0.7537 ,0.8036 
T:200/S:100,SD,200,100,(0.0525),(0.0431),(0.0424),(0.0541),(0.0525),(0.0472),(0.0410),(0.0337)
T:200/S:300,Mean,200,300,0.6715 ,0.7692 ,0.7485 ,0.6366 ,0.6911 ,0.7455 ,0.7538 ,0.8269 
T:200/S:300,SD,200,300,(0.0458),(0.0397),(0.0416),(0.0503),(0.0445),(0.0411),(0.0428),(0.0318)
T:200/S:500,Mean,200,500,0.6859 ,0.7768 ,0.7517 ,0.6464 ,0.7053 ,0.7521 ,0.7539 ,0.8321 
T:200/S:500,SD,200,500,(0.0464),(0.0379),(0.0385),(0.0511),(0.0424),(0.0402),(0.0402),(0.0295)
T:200/S:1000,Mean,200,1000,0.6952 ,0.7868 ,0.7587 ,0.6516 ,0.7080 ,0.7603 ,0.7541 ,0.8354 
T:200/S:1000,SD,200,1000,(0.0428),(0.0344),(0.0377),(0.0541),(0.0406),(0.0388),(0.0391),(0.0285)
T:300/S:100,Mean,300,100,0.6537 ,0.7256 ,0.7212 ,0.6076 ,0.6429 ,0.7145 ,0.7729 ,0.8057 
T:300/S:100,SD,300,100,(0.0430),(0.0398),(0.0353),(0.0471),(0.0447),(0.0381),(0.0313),(0.0266)
T:300/S:300,Mean,300,300,0.6754 ,0.7667 ,0.7456 ,0.6354 ,0.6899 ,0.7431 ,0.7724 ,0.8278 
T:300/S:300,SD,300,300,(0.0394),(0.0316),(0.0325),(0.0433),(0.0402),(0.0342),(0.0326),(0.0246)
T:300/S:500,Mean,300,500,0.6835 ,0.7763 ,0.7518 ,0.6448 ,0.7023 ,0.7518 ,0.7728 ,0.8320 
T:300/S:500,SD,300,500,(0.0386),(0.0318),(0.0312),(0.0430),(0.0374),(0.0334),(0.0328),(0.0255)
T:300/S:1000,Mean,300,1000,0.6967 ,0.7852 ,0.7580 ,0.6538 ,0.7102 ,0.7590 ,0.7718 ,0.8349 
T:300/S:1000,SD,300,1000,(0.0357),(0.0300),(0.0323),(0.0395),(0.0347),(0.0324),(0.0324),(0.0242)
