"Target_Size","Source_Size","Method","Mean_C","SD_C"
100,100,"S1 Only",0.637108543246064,0.0643393854865799
100,100,"S2 Only",0.710199194427484,0.0576854041263685
100,100,"Target Only",0.693602275878694,0.0646716652115045
100,100,"Weighted Transfer",0.750278752215394,0.0518597390511119
100,300,"S1 Only",0.662384017728824,0.0597923929980151
100,300,"S2 Only",0.745517548660806,0.0505026456490843
100,300,"Target Only",0.691835058389283,0.0610666519243254
100,300,"Weighted Transfer",0.769644861211192,0.0489640536066551
100,500,"S1 Only",0.672031254874565,0.0602804659514575
100,500,"S2 Only",0.757404669838693,0.0509789379237217
100,500,"Target Only",0.693109940898811,0.0633325968951804
100,500,"Weighted Transfer",0.776127988522567,0.0486878338080481
100,1000,"S1 Only",0.683793531168284,0.0593584067865124
100,1000,"S2 Only",0.76125111706632,0.051954129257367
100,1000,"Target Only",0.693361271401565,0.059500576314415
100,1000,"Weighted Transfer",0.777050104289321,0.0499396160037185
200,100,"S1 Only",0.641541027983949,0.0490153564393654
200,100,"S2 Only",0.706149058120539,0.0417825996469606
200,100,"Target Only",0.737765807781542,0.0384462082809486
200,100,"Weighted Transfer",0.76509128548001,0.0346953701603024
200,300,"S1 Only",0.662707277122591,0.0414584243743776
200,300,"S2 Only",0.748219925740949,0.0375779037125377
200,300,"Target Only",0.734637912031117,0.041781750848007
200,300,"Weighted Transfer",0.783942497172687,0.0350098207204717
200,500,"S1 Only",0.674343942164728,0.0417865622645737
200,500,"S2 Only",0.757818462582683,0.036282745194898
200,500,"Target Only",0.735242832638485,0.0409759160315765
200,500,"Weighted Transfer",0.788720755361561,0.033057889320595
200,1000,"S1 Only",0.682983662736535,0.0412161326237163
200,1000,"S2 Only",0.760411911098846,0.0348610481481988
200,1000,"Target Only",0.734432100181678,0.0393016269814558
200,1000,"Weighted Transfer",0.789348427365648,0.0328610628324503
300,100,"S1 Only",0.638911837610857,0.0407984191239777
300,100,"S2 Only",0.708948660221948,0.0356262352190415
300,100,"Target Only",0.754913787107783,0.0285133944331225
300,100,"Weighted Transfer",0.772704172430795,0.027549352342206
300,300,"S1 Only",0.662231875829307,0.0356516819755055
300,300,"S2 Only",0.749903178033016,0.0287810922139409
300,300,"Target Only",0.757765030020345,0.0302972681500942
300,300,"Weighted Transfer",0.791927564212432,0.0245576699888893
300,500,"S1 Only",0.670056444800647,0.0338227735117593
300,500,"S2 Only",0.757329900741302,0.0290311033448086
300,500,"Target Only",0.753441564091099,0.0305452238013201
300,500,"Weighted Transfer",0.794544440384149,0.0266921712119881
300,1000,"S1 Only",0.68382975020844,0.0328774711860517
300,1000,"S2 Only",0.76282283929656,0.0308417827384344
300,1000,"Target Only",0.755586263178743,0.0294366565081568
300,1000,"Weighted Transfer",0.797701684118312,0.0251822517978127
