"Target_Size","Source_Size","Method","Mean_C","Lower_95","Upper_95"
100,100,"S1 Only",0.643602276959899,0.508924269039528,0.765996801346801
100,100,"S2 Only",0.721603402637223,0.5930225,0.832534385328926
100,100,"Target Only",0.699591545937171,0.559030355119741,0.819882729211087
100,100,"Weighted Transfer",0.761220397892903,0.639523603559071,0.871414816152133
100,300,"S1 Only",0.669145877919814,0.546156055136199,0.793922766312951
100,300,"S2 Only",0.766748121190628,0.637736195893452,0.864011099286808
100,300,"Target Only",0.71041240198019,0.5774018373327,0.81847343084614
100,300,"Weighted Transfer",0.791156490519867,0.680353800340329,0.879051756007394
100,500,"S1 Only",0.681472208268664,0.551884904086739,0.798427158264153
100,500,"S2 Only",0.777302231819514,0.660954509146362,0.871492888353843
100,500,"Target Only",0.710560103462043,0.574624863777349,0.822298976608187
100,500,"Weighted Transfer",0.799575506128672,0.691210483496048,0.885324141212726
100,1000,"S1 Only",0.69828178225283,0.568243255908109,0.812222235938966
100,1000,"S2 Only",0.789656503079189,0.683353314625687,0.874105934819446
100,1000,"Target Only",0.705959033664701,0.573879120879121,0.828326918374074
100,1000,"Weighted Transfer",0.802606734978523,0.704731055030415,0.888795641931684
200,100,"S1 Only",0.646968816946307,0.538907704895111,0.749276733351507
200,100,"S2 Only",0.723765761602318,0.632939580509733,0.807119192073689
200,100,"Target Only",0.750497654915778,0.663553834871252,0.824634582328732
200,100,"Weighted Transfer",0.779549895796259,0.70008291479511,0.841370135299483
200,300,"S1 Only",0.671663308369738,0.590176454370003,0.758995475666422
200,300,"S2 Only",0.77041901971911,0.687647707070953,0.843154049929744
200,300,"Target Only",0.754555814147564,0.673589432247627,0.831964468187674
200,300,"Weighted Transfer",0.805155045227564,0.741065999781764,0.862530888093538
200,500,"S1 Only",0.683231735852414,0.580273415572101,0.766475932636795
200,500,"S2 Only",0.778545162657919,0.694127383373782,0.848664003300906
200,500,"Target Only",0.751208273295306,0.670762688088098,0.822637907296925
200,500,"Weighted Transfer",0.809083049451828,0.744230539264795,0.865268556012899
200,1000,"S1 Only",0.697559764141219,0.598155651094547,0.779799570138719
200,1000,"S2 Only",0.787397894630581,0.711290198846891,0.858716960480659
200,1000,"Target Only",0.753505023142819,0.662230735273212,0.827431438016609
200,1000,"Weighted Transfer",0.81423253316553,0.739851337220461,0.876535465141016
300,100,"S1 Only",0.644702227593774,0.549820382349418,0.733442807385232
300,100,"S2 Only",0.72646865127467,0.643961130574006,0.795632274993799
300,100,"Target Only",0.769544789311198,0.697966683779026,0.827213209339771
300,100,"Weighted Transfer",0.787787550739065,0.72200412864368,0.84053989919777
300,300,"S1 Only",0.668526031994131,0.586133340298218,0.743425000769323
300,300,"S2 Only",0.767375806671846,0.701545217407813,0.823413969052936
300,300,"Target Only",0.768882015294953,0.698175566881419,0.828101039881833
300,300,"Weighted Transfer",0.807144961732439,0.74573822113791,0.855649890485626
300,500,"S1 Only",0.682920692404707,0.60836672985964,0.756010334060472
300,500,"S2 Only",0.777334232686402,0.712791091020051,0.8318339389354
300,500,"Target Only",0.766613690765664,0.709348823185352,0.826527252031923
300,500,"Weighted Transfer",0.812153962633324,0.760652570386098,0.862096496735849
300,1000,"S1 Only",0.69456998470693,0.620419176314708,0.769593538284888
300,1000,"S2 Only",0.786077441155245,0.731406598433335,0.83756467715875
300,1000,"Target Only",0.768867273095695,0.710796742970528,0.825821738846881
300,1000,"Weighted Transfer",0.818241728814673,0.77039453012717,0.865644525744416
